{"Author": "SFA17SCM01M", "created_at": "2017-11-14", "labels": ["Category:Bug", "DetectionPhase:Testing", "OriginationPhase:Requirements", "Priority:Major", "Status:Completed"], "State": "closed", "issue_number": 524, "closed_at": "2017-11-21"}
{"Author": "SFA17SCM01M", "created_at": "2017-11-14", "labels": ["Category:Bug", "DetectionPhase:Design", "OriginationPhase:Requirements", "Priority:Critical", "Status:inProgress"], "State": "closed", "issue_number": 523, "closed_at": "2017-11-14"}
{"Author": "SFA17SCM15H", "created_at": "2017-11-11", "labels": ["Category:Bug", "DetectionPhase:Testing", "OriginationPhase:Design", "Priority:Major", "Status:Approved"], "State": "closed", "issue_number": 521, "closed_at": "2017-11-12"}
{"Author": "EFA17SCM54A", "created_at": "2017-11-10", "labels": ["Category:Inquiry", "DetectionPhase:Field", "OriginationPhase:Coding", "Priority:High", "Status:inProgress"], "State": "closed", "issue_number": 518, "closed_at": "2017-11-13"}
{"Author": "snurukurthi", "created_at": "2017-11-10", "labels": ["Category:Bug", "DetectionPhase:Testing", "OriginationPhase:Requirements", "Priority:Critical", "Status:Approved"], "State": "closed", "issue_number": 516, "closed_at": "2017-11-12"}
{"Author": "CFA17SCM37A", "created_at": "2017-11-10", "labels": ["Category:Bug", "DetectionPhase:Testing", "OriginationPhase:Requirements", "Priority:Critical", "Status:Approved"], "State": "closed", "issue_number": 511, "closed_at": "2017-11-12"}
{"Author": "AFA17SCM18K", "created_at": "2017-11-10", "labels": ["Category:Inquiry", "DetectionPhase:Field", "OriginationPhase:Documentation", "Priority:Medium", "Status:pendingReview"], "State": "open", "issue_number": 509, "closed_at": null}
{"Author": "AFA17SCM18K", "created_at": "2017-11-10", "labels": ["Category:Inquiry", "DetectionPhase:Field", "OriginationPhase:Coding", "Priority:High", "Status:inProgress"], "State": "closed", "issue_number": 506, "closed_at": "2017-11-10"}
{"Author": "CFA17SCM93S", "created_at": "2017-11-10", "labels": ["Category:Bug", "DetectionPhase:Testing", "OriginationPhase:Requirements", "Priority:Major", "Status:Completed"], "State": "closed", "issue_number": 505, "closed_at": "2017-11-12"}
{"Author": "SFA17SCM46N", "created_at": "2017-11-10", "labels": ["Category:Inquiry", "DetectionPhase:Field", "OriginationPhase:Coding", "Priority:High", "Status:inProgress"], "State": "closed", "issue_number": 511, "closed_at": "2017-11-12"}
{"Author": "KFA17SCM32K", "created_at": "2017-11-10", "labels": ["Category:Inquiry", "DetectionPhase:Field", "OriginationPhase:Documentation", "Priority:High", "Status:inProgress"], "State": "closed", "issue_number": 495, "closed_at": "2017-11-12"}
{"Author": "DFA17SCM62P", "created_at": "2017-11-10", "labels": ["Category:Inquiry", "DetectionPhase:Field", "OriginationPhase:Coding", "Priority:Medium", "Status:pendingReview"], "State": "closed", "issue_number": 494, "closed_at": "2017-11-12"}
{"Author": "MFA17SCM69L", "created_at": "2017-11-10", "labels": ["Category:Bug", "DetectionPhase:Testing", "OriginationPhase:Design", "Priority:Critical", "Status:Approved"], "State": "closed", "issue_number": 492, "closed_at": "2017-11-12"}
{"Author": "MFA17SCM37H", "created_at": "2017-11-10", "labels": ["Category:Bug", "DetectionPhase:Testing", "OriginationPhase:Design", "Priority:Major", "Status:Approved"], "State": "closed", "issue_number": 491, "closed_at": "2017-11-12"}
{"Author": "rsp17scm43s", "created_at": "2017-11-10", "labels": ["Category:Enhancement", "DetectionPhase:Testing", "OriginationPhase:Design", "Priority:Critical", "Status:Approved"], "State": "closed", "issue_number": 487, "closed_at": "2017-11-12"}
{"Author": "AFA17SCM06M", "created_at": "2017-11-10", "labels": ["Category:Inquiry", "DetectionPhase:Field", "OriginationPhase:Coding", "Priority:Medium", "Status:inProgress"], "State": "closed", "issue_number": 483, "closed_at": "2017-11-13"}
{"Author": "JFA17SCM87M", "created_at": "2017-11-10", "labels": ["Category:Enhancement", "DetectionPhase:Testing", "OriginationPhase:Design", "Priority:Critical", "Status:Approved"], "State": "closed", "issue_number": 480, "closed_at": "2017-11-12"}
{"Author": "ShraddhaMantri", "created_at": "2017-11-10", "labels": ["Category:Inquiry", "DetectionPhase:Field", "OriginationPhase:Coding", "Priority:Medium", "Status:inProgress"], "State": "closed", "issue_number": 478, "closed_at": "2017-11-12"}
{"Author": "ghost", "created_at": "2017-11-10", "labels": ["Category:Bug", "DetectionPhase:Testing", "OriginationPhase:Design", "Priority:Major", "Status:Approved"], "State": "closed", "issue_number": 476, "closed_at": "2017-11-12"}
{"Author": "CFA17SCM73P", "created_at": "2017-11-10", "labels": ["Category:Inquiry", "DetectionPhase:Field", "OriginationPhase:Testing", "Priority:Medium", "Status:pendingReview"], "State": "closed", "issue_number": 475, "closed_at": "2017-11-12"}
{"Author": "WFA17SCM51Y", "created_at": "2017-11-10", "labels": ["Category:Bug", "DetectionPhase:Testing", "OriginationPhase:Requirements", "Priority:Critical", "Status:Approved"], "State": "closed", "issue_number": 473, "closed_at": "2017-11-12"}
{"Author": "KFA17SCM70P", "created_at": "2017-11-10", "labels": ["Category:Inquiry", "DetectionPhase:Field", "OriginationPhase:Coding", "Priority:Medium", "Status:inProgress"], "State": "closed", "issue_number": 469, "closed_at": "2017-11-12"}
{"Author": "SFA17SCM73G", "created_at": "2017-11-10", "labels": ["Category:Enhancement", "DetectionPhase:Testing", "OriginationPhase:Design", "Priority:Critical", "Status:Approved"], "State": "closed", "issue_number": 464, "closed_at": "2017-11-12"}
{"Author": "NFA17SCM64P", "created_at": "2017-11-10", "labels": ["Category:Inquiry", "DetectionPhase:Field", "OriginationPhase:Coding", "Priority:Medium", "Status:pendingReview"], "State": "closed", "issue_number": 462, "closed_at": "2017-11-12"}
{"Author": "RFA17SCM93S", "created_at": "2017-11-10", "labels": ["Category:Enhancement", "DetectionPhase:Testing", "OriginationPhase:Requirements", "Priority:Major", "Status:Completed"], "State": "closed", "issue_number": 459, "closed_at": "2017-11-12"}
{"Author": "RFA17SCM13B", "created_at": "2017-11-10", "labels": ["Category:Bug", "DetectionPhase:Testing", "OriginationPhase:Requirements", "Priority:Critical", "Status:Approved"], "State": "closed", "issue_number": 455, "closed_at": "2017-11-12"}
{"Author": "SFA17SCM64M", "created_at": "2017-11-10", "labels": ["Category:Inquiry", "DetectionPhase:Field", "OriginationPhase:Documentation", "Priority:High", "Status:pendingReview"], "State": "closed", "issue_number": 454, "closed_at": "2017-11-12"}
{"Author": "RFA17SCM30D", "created_at": "2017-11-10", "labels": ["Category:Inquiry", "DetectionPhase:Field", "OriginationPhase:Coding", "Priority:Medium", "Status:pendingReview"], "State": "closed", "issue_number": 450, "closed_at": "2017-11-12"}
{"Author": "PFA17SCM45P", "created_at": "2017-11-10", "labels": ["Category:Bug", "DetectionPhase:Testing", "OriginationPhase:Design", "Priority:Critical", "Status:Approved"], "State": "closed", "issue_number": 449, "closed_at": "2017-11-12"}
{"Author": "VFA17SCM05J", "created_at": "2017-11-10", "labels": ["Category:Bug", "DetectionPhase:Testing", "OriginationPhase:Design", "Priority:Critical", "Status:Completed"], "State": "closed", "issue_number": 445, "closed_at": "2017-11-12"}
{"Author": "somsunder-gowda", "created_at": "2017-11-10", "labels": ["Category:Bug", "DetectionPhase:Testing", "OriginationPhase:Design", "Priority:Major", "Status:Approved"], "State": "closed", "issue_number": 444, "closed_at": "2017-11-12"}
{"Author": "SFA17SCM72K", "created_at": "2017-11-10", "labels": ["Category:Inquiry", "DetectionPhase:Field", "OriginationPhase:Coding", "Priority:High", "Status:inProgress"], "State": "closed", "issue_number": 443, "closed_at": "2017-11-12"}
{"Author": "RFA17SCM02C", "created_at": "2017-11-10", "labels": ["Category:Inquiry", "DetectionPhase:Field", "OriginationPhase:Coding", "Priority:Medium", "Status:inProgress"], "State": "closed", "issue_number": 441, "closed_at": "2017-11-12"}
{"Author": "SFA17SCM36G", "created_at": "2017-11-10", "labels": ["Category:Inquiry", "DetectionPhase:Field", "OriginationPhase:Coding", "Priority:Medium", "Status:inProgress"], "State": "closed", "issue_number": 440, "closed_at": "2017-11-12"}
{"Author": "HFA17SCM05A", "created_at": "2017-11-10", "labels": ["Category:Enhancement", "DetectionPhase:Testing", "OriginationPhase:Requirements", "Priority:Critical", "Status:Approved"], "State": "closed", "issue_number": 439, "closed_at": "2017-11-12"}
{"Author": "KFA17SCM61S", "created_at": "2017-11-10", "labels": ["Category:Enhancement", "DetectionPhase:Testing", "OriginationPhase:Design", "Priority:Critical", "Status:Approved"], "State": "closed", "issue_number": 438, "closed_at": "2017-11-12"}
{"Author": "RFA17SCM16P", "created_at": "2017-11-10", "labels": ["Category:Inquiry", "DetectionPhase:Field", "OriginationPhase:Coding", "Priority:High", "Status:inProgress"], "State": "closed", "issue_number": 437, "closed_at": "2017-11-12"}
{"Author": "AFA17SCM08L", "created_at": "2017-11-10", "labels": ["Category:Inquiry", "DetectionPhase:Field", "OriginationPhase:Coding", "Priority:High", "Status:inProgress"], "State": "closed", "issue_number": 436, "closed_at": "2017-11-12"}
{"Author": "SFA17SCM76B", "created_at": "2017-11-10", "labels": ["Category:Inquiry", "DetectionPhase:Field", "OriginationPhase:Coding", "Priority:High", "Status:inProgress"], "State": "closed", "issue_number": 434, "closed_at": "2017-11-13"}
{"Author": "AFA17SCM06M", "created_at": "2017-11-10", "labels": ["Category:Inquiry", "DetectionPhase:Field", "OriginationPhase:Testing", "Priority:High", "Status:pendingReview"], "State": "open", "issue_number": 432, "closed_at": null}
{"Author": "AFA17SCM67S", "created_at": "2017-11-10", "labels": ["Category:Bug", "DetectionPhase:Testing", "OriginationPhase:Design", "Priority:Critical", "Status:Approved"], "State": "closed", "issue_number": 431, "closed_at": "2017-11-12"}
{"Author": "AFA17SCM79C", "created_at": "2017-11-10", "labels": ["Category:Bug", "DetectionPhase:Testing", "OriginationPhase:Requirements", "Priority:Critical", "Status:Approved"], "State": "open", "issue_number": 427, "closed_at": null}
{"Author": "ChicagoJ", "created_at": "2017-11-10", "labels": ["Category:Bug", "DetectionPhase:Testing", "OriginationPhase:Design", "Priority:Critical", "Status:Approved"], "State": "open", "issue_number": 420, "closed_at": null}
{"Author": "SFA17SCM36G", "created_at": "2017-11-10", "labels": [], "State": "closed", "issue_number": 419, "closed_at": "2017-11-10"}
{"Author": "DFA17SCM55J", "created_at": "2017-11-10", "labels": ["Category:Enhancement", "DetectionPhase:Testing", "OriginationPhase:Design", "Priority:Major", "Status:Approved"], "State": "closed", "issue_number": 417, "closed_at": "2017-11-12"}
{"Author": "ghost", "created_at": "2017-11-10", "labels": ["Category:Bug", "DetectionPhase:Testing", "OriginationPhase:Requirements", "Priority:Critical", "Status:Approved"], "State": "closed", "issue_number": 411, "closed_at": "2017-11-10"}
{"Author": "pyerpude", "created_at": "2017-11-10", "labels": ["Category:Bug", "DetectionPhase:Testing", "OriginationPhase:Requirements", "Priority:Critical", "Status:Approved"], "State": "closed", "issue_number": 407, "closed_at": "2017-11-12"}
{"Author": "vaishnavi-gudur", "created_at": "2017-11-10", "labels": ["Category:Inquiry", "DetectionPhase:Field", "OriginationPhase:Coding", "Priority:High", "Status:inProgress"], "State": "closed", "issue_number": 406, "closed_at": "2017-11-12"}
{"Author": "AFA17SCM37B", "created_at": "2017-11-10", "labels": ["Category:Enhancement", "DetectionPhase:Testing", "OriginationPhase:Requirements", "Priority:Critical", "Status:Approved"], "State": "closed", "issue_number": 402, "closed_at": "2017-11-12"}
{"Author": "ghost", "created_at": "2017-11-10", "labels": ["Category:Inquiry", "DetectionPhase:Field", "OriginationPhase:Coding", "Priority:High", "Status:pendingReview"], "State": "closed", "issue_number": 401, "closed_at": "2017-11-10"}
{"Author": "CFA17SCM44H", "created_at": "2017-11-10", "labels": ["Category:Inquiry", "DetectionPhase:Field", "OriginationPhase:Coding", "Priority:Medium", "Status:inProgress"], "State": "closed", "issue_number": 399, "closed_at": "2017-11-13"}
{"Author": "SFA17SCM12E", "created_at": "2017-11-10", "labels": ["Category:Inquiry", "DetectionPhase:Field", "OriginationPhase:Coding", "Priority:High", "Status:inProgress"], "State": "closed", "issue_number": 397, "closed_at": "2017-11-13"}
{"Author": "PFA17SCM83S", "created_at": "2017-11-10", "labels": ["Category:Bug", "DetectionPhase:Testing", "OriginationPhase:Requirements", "Priority:Critical", "Status:Approved"], "State": "closed", "issue_number": 396, "closed_at": "2017-11-13"}
{"Author": "CFA17SCM61S", "created_at": "2017-11-10", "labels": ["Category:Bug", "DetectionPhase:Testing", "OriginationPhase:Requirements", "Priority:Critical", "Status:Approved"], "State": "closed", "issue_number": 395, "closed_at": "2017-11-12"}
{"Author": "AFA17SCM45K", "created_at": "2017-11-10", "labels": ["Category:Bug", "DetectionPhase:Design", "OriginationPhase:Design", "Priority:Medium", "Status:inProgress"], "State": "closed", "issue_number": 394, "closed_at": "2017-11-10"}
{"Author": "FFA17SCM69C", "created_at": "2017-11-10", "labels": ["Category:Enhancement", "DetectionPhase:Testing", "OriginationPhase:Design", "Priority:Major", "Status:Completed"], "State": "closed", "issue_number": 393, "closed_at": "2017-11-12"}
{"Author": "SFA17SCM07P", "created_at": "2017-11-10", "labels": ["Category:Bug", "DetectionPhase:Testing", "OriginationPhase:Design", "Priority:Critical", "Status:Approved"], "State": "closed", "issue_number": 392, "closed_at": "2017-11-13"}
{"Author": "AFA17SCM66S", "created_at": "2017-11-09", "labels": ["Category:Inquiry", "DetectionPhase:Field", "OriginationPhase:Coding", "Priority:High", "Status:inProgress"], "State": "closed", "issue_number": 391, "closed_at": "2017-11-12"}
{"Author": "SFA17SCM18G", "created_at": "2017-11-09", "labels": ["Category:Inquiry", "DetectionPhase:Field", "OriginationPhase:Coding", "Priority:High", "Status:pendingReview"], "State": "closed", "issue_number": 390, "closed_at": "2017-11-12"}
{"Author": "SFA17SCM40N", "created_at": "2017-11-09", "labels": ["Category:Inquiry", "DetectionPhase:Field", "OriginationPhase:Coding", "Priority:High", "Status:inProgress"], "State": "closed", "issue_number": 389, "closed_at": "2017-11-12"}
{"Author": "YFA17SCM99L", "created_at": "2017-11-09", "labels": ["Category:Bug", "DetectionPhase:Testing", "OriginationPhase:Requirements", "Priority:Critical", "Status:Approved"], "State": "closed", "issue_number": 385, "closed_at": "2017-11-12"}
{"Author": "SFA17SCM53B", "created_at": "2017-11-09", "labels": ["Category:Inquiry", "DetectionPhase:Field", "OriginationPhase:Coding", "Priority:Medium", "Status:pendingReview"], "State": "closed", "issue_number": 382, "closed_at": "2017-11-12"}
{"Author": "PFA17SCM23S", "created_at": "2017-11-09", "labels": ["Category:Bug", "DetectionPhase:Testing", "OriginationPhase:Requirements", "Priority:Major", "Status:Approved"], "State": "closed", "issue_number": 379, "closed_at": "2017-11-12"}
{"Author": "MFA17SCM45A", "created_at": "2017-11-09", "labels": ["Category:Enhancement", "DetectionPhase:Testing", "OriginationPhase:Design", "Priority:Major", "Status:Approved"], "State": "closed", "issue_number": 378, "closed_at": "2017-11-12"}
{"Author": "DFA17SCM44P", "created_at": "2017-11-09", "labels": ["Category:Inquiry", "DetectionPhase:Field", "OriginationPhase:Documentation", "Priority:High", "Status:pendingReview"], "State": "closed", "issue_number": 377, "closed_at": "2017-11-12"}
{"Author": "VFA17SCM20H", "created_at": "2017-11-09", "labels": ["Category:Inquiry", "DetectionPhase:Field", "OriginationPhase:Coding", "Priority:Medium", "Status:inProgress"], "State": "closed", "issue_number": 375, "closed_at": "2017-11-09"}
{"Author": "YFA17SCM85S", "created_at": "2017-11-09", "labels": ["Category:Enhancement", "DetectionPhase:Testing", "OriginationPhase:Design", "Priority:Major", "Status:Completed"], "State": "closed", "issue_number": 373, "closed_at": "2017-11-12"}
{"Author": "SFA17SCM05A", "created_at": "2017-11-09", "labels": ["Category:Enhancement", "DetectionPhase:Testing", "OriginationPhase:Requirements", "Priority:Major", "Status:Approved"], "State": "open", "issue_number": 372, "closed_at": null}
{"Author": "RFA17SCM29P", "created_at": "2017-11-09", "labels": ["Category:Bug", "DetectionPhase:Testing", "OriginationPhase:Design", "Priority:Critical", "Status:Approved"], "State": "closed", "issue_number": 371, "closed_at": "2017-11-12"}
{"Author": "PFA17SCM23S", "created_at": "2017-11-09", "labels": ["Category:Inquiry", "DetectionPhase:Field", "OriginationPhase:Testing", "Priority:Medium", "Status:inProgress"], "State": "closed", "issue_number": 369, "closed_at": "2017-11-09"}
{"Author": "jjayavelu", "created_at": "2017-11-09", "labels": ["Category:Inquiry", "DetectionPhase:Field", "OriginationPhase:Coding", "Priority:Medium", "Status:pendingReview"], "State": "closed", "issue_number": 366, "closed_at": "2017-11-12"}
{"Author": "LFA17SCM52M", "created_at": "2017-11-09", "labels": ["Category:Inquiry", "DetectionPhase:Field", "OriginationPhase:Coding", "Priority:High", "Status:inProgress"], "State": "closed", "issue_number": 365, "closed_at": "2017-11-12"}
{"Author": "YFA17SCM25H", "created_at": "2017-11-09", "labels": ["Category:Bug", "DetectionPhase:Testing", "OriginationPhase:Design", "Priority:Critical", "Status:Completed"], "State": "open", "issue_number": 362, "closed_at": null}
{"Author": "HFA17SCM22Z", "created_at": "2017-11-09", "labels": ["Category:Inquiry", "DetectionPhase:Field", "OriginationPhase:Coding", "Priority:Low", "Status:pendingReview"], "State": "closed", "issue_number": 355, "closed_at": "2017-11-13"}
{"Author": "VFA17SCM53S", "created_at": "2017-11-09", "labels": ["Category:Enhancement", "DetectionPhase:Testing", "OriginationPhase:Requirements", "Priority:Critical", "Status:Completed"], "State": "closed", "issue_number": 354, "closed_at": "2017-11-12"}
{"Author": "DFA17SCM73M", "created_at": "2017-11-09", "labels": ["Category:Bug", "DetectionPhase:Testing", "OriginationPhase:Requirements", "Priority:Critical", "Status:Approved"], "State": "closed", "issue_number": 353, "closed_at": "2017-11-12"}
{"Author": "MFA17SCM76P", "created_at": "2017-11-09", "labels": ["Category:Inquiry", "DetectionPhase:Field", "OriginationPhase:Testing", "Priority:High", "Status:inProgress"], "State": "closed", "issue_number": 347, "closed_at": "2017-11-12"}
{"Author": "SFA17SCM77D", "created_at": "2017-11-09", "labels": ["Category:Enhancement", "DetectionPhase:Testing", "OriginationPhase:Design", "Priority:Critical", "Status:Approved"], "State": "closed", "issue_number": 348, "closed_at": "2017-11-12"}
{"Author": "PFA17SCM13Y", "created_at": "2017-11-09", "labels": ["Category:Bug", "DetectionPhase:Testing", "OriginationPhase:Design", "Priority:Critical", "Status:Approved"], "State": "closed", "issue_number": 346, "closed_at": "2017-11-12"}
{"Author": "TFA17SCM45B", "created_at": "2017-11-09", "labels": ["Category:Bug", "DetectionPhase:Testing", "OriginationPhase:Design", "Priority:Major", "Status:Approved"], "State": "closed", "issue_number": 345, "closed_at": "2017-11-12"}
{"Author": "DalinYang", "created_at": "2017-11-09", "labels": ["Category:Inquiry", "DetectionPhase:Field", "OriginationPhase:Coding", "Priority:High", "Status:inProgress"], "State": "closed", "issue_number": 344, "closed_at": "2017-11-09"}
{"Author": "NFA17SCM64A", "created_at": "2017-11-09", "labels": ["Category:Inquiry", "DetectionPhase:Field", "OriginationPhase:Coding", "Priority:Low", "Status:pendingReview"], "State": "closed", "issue_number": 343, "closed_at": "2017-11-12"}
{"Author": "AFA17SCM51M", "created_at": "2017-11-09", "labels": ["Category:Enhancement", "DetectionPhase:Testing", "OriginationPhase:Requirements", "Priority:Critical", "Status:Approved"], "State": "closed", "issue_number": 342, "closed_at": "2017-11-10"}
{"Author": "VFA17SCM57G", "created_at": "2017-11-09", "labels": ["Category:Enhancement", "DetectionPhase:Testing", "OriginationPhase:Requirements", "Priority:Major", "Status:Completed"], "State": "closed", "issue_number": 338, "closed_at": "2017-11-12"}
{"Author": "QiBinwei", "created_at": "2017-11-09", "labels": ["Category:Enhancement", "DetectionPhase:Testing", "OriginationPhase:Design", "Priority:Major", "Status:Approved"], "State": "closed", "issue_number": 337, "closed_at": "2017-11-12"}
{"Author": "RFA17SCM86D", "created_at": "2017-11-09", "labels": ["Category:Inquiry", "DetectionPhase:Field", "OriginationPhase:Coding", "Priority:High", "Status:inProgress"], "State": "open", "issue_number": 336, "closed_at": null}
{"Author": "AFA17SCM65S", "created_at": "2017-11-09", "labels": ["Category:Bug", "DetectionPhase:Testing", "OriginationPhase:Requirements", "Priority:Critical", "Status:Approved"], "State": "closed", "issue_number": 334, "closed_at": "2017-11-12"}
{"Author": "SFA17SCM15K", "created_at": "2017-11-09", "labels": ["Category:Bug", "DetectionPhase:Testing", "OriginationPhase:Requirements", "Priority:Major", "Status:Approved"], "State": "closed", "issue_number": 333, "closed_at": "2017-11-12"}
{"Author": "VFA17SCM49T", "created_at": "2017-11-09", "labels": ["Category:Enhancement", "DetectionPhase:Testing", "OriginationPhase:Design", "Priority:Critical", "Status:Completed"], "State": "closed", "issue_number": 332, "closed_at": "2017-11-12"}
{"Author": "MFA17SCM41S", "created_at": "2017-11-09", "labels": ["Category:Enhancement", "DetectionPhase:Testing", "OriginationPhase:Requirements", "Priority:Major", "Status:Completed"], "State": "closed", "issue_number": 330, "closed_at": "2017-11-09"}
{"Author": "AFA17SCM03B", "created_at": "2017-11-09", "labels": ["Category:Enhancement", "DetectionPhase:Testing", "OriginationPhase:Requirements", "Priority:Critical", "Status:Completed"], "State": "closed", "issue_number": 331, "closed_at": "2017-11-12"}
{"Author": "ghost", "created_at": "2017-11-09", "labels": ["Category:Bug", "DetectionPhase:Testing", "OriginationPhase:Requirements", "Priority:Major", "Status:Completed"], "State": "closed", "issue_number": 329, "closed_at": "2017-11-09"}
{"Author": "RFA17SCM01J", "created_at": "2017-11-09", "labels": ["Category:Bug", "DetectionPhase:Design", "OriginationPhase:Requirements", "Priority:Medium", "Status:inProgress"], "State": "closed", "issue_number": 328, "closed_at": "2017-11-12"}
{"Author": "AFA17SCM38S", "created_at": "2017-11-09", "labels": ["Category:Inquiry", "DetectionPhase:Field", "OriginationPhase:Coding", "Priority:High", "Status:inProgress"], "State": "closed", "issue_number": 326, "closed_at": "2017-11-12"}
{"Author": "AFA17SCM22R", "created_at": "2017-11-09", "labels": ["Category:Inquiry", "DetectionPhase:Field", "OriginationPhase:Coding", "Priority:High", "Status:inProgress"], "State": "closed", "issue_number": 325, "closed_at": "2017-11-12"}
{"Author": "RFA17SCM01J", "created_at": "2017-11-09", "labels": ["Category:Bug", "DetectionPhase:Testing", "OriginationPhase:Design", "Priority:Critical", "Status:Approved"], "State": "closed", "issue_number": 322, "closed_at": "2017-11-12"}
{"Author": "AFA17SCM67R", "created_at": "2017-11-09", "labels": ["Category:Bug", "DetectionPhase:Testing", "OriginationPhase:Requirements", "Priority:Critical", "Status:Approved"], "State": "closed", "issue_number": 321, "closed_at": "2017-11-13"}
{"Author": "MFA17SCM24J", "created_at": "2017-11-09", "labels": ["Category:Inquiry", "DetectionPhase:Field", "OriginationPhase:Coding", "Priority:High", "Status:inProgress"], "State": "closed", "issue_number": 319, "closed_at": "2017-11-12"}
{"Author": "RFA17SCM93S", "created_at": "2017-11-09", "labels": ["Category:Enhancement", "DetectionPhase:Testing", "OriginationPhase:Requirements", "Priority:Major", "Status:Completed"], "State": "closed", "issue_number": 315, "closed_at": "2017-11-10"}
{"Author": "BFA17SCM78K", "created_at": "2017-11-09", "labels": ["Category:Inquiry", "DetectionPhase:Field", "OriginationPhase:Coding", "Priority:Medium", "Status:inProgress"], "State": "closed", "issue_number": 314, "closed_at": "2017-11-12"}
{"Author": "JFA17SCM98S", "created_at": "2017-11-09", "labels": ["Category:Inquiry", "DetectionPhase:Field", "OriginationPhase:Coding", "Priority:High", "Status:inProgress"], "State": "closed", "issue_number": 313, "closed_at": "2017-11-12"}
{"Author": "SFA17SCM72D", "created_at": "2017-11-09", "labels": ["Category:Inquiry", "DetectionPhase:Field", "OriginationPhase:Coding", "Priority:High", "Status:inProgress"], "State": "closed", "issue_number": 312, "closed_at": "2017-11-12"}
{"Author": "FAM587FA17", "created_at": "2017-11-09", "labels": ["Category:Enhancement", "DetectionPhase:Testing", "OriginationPhase:Requirements", "Priority:Critical", "Status:Approved"], "State": "closed", "issue_number": 311, "closed_at": "2017-11-12"}
{"Author": "AFA17SCM83P", "created_at": "2017-11-09", "labels": ["Category:Bug", "DetectionPhase:Testing", "OriginationPhase:Design", "Priority:Critical", "Status:Approved"], "State": "closed", "issue_number": 310, "closed_at": "2017-11-12"}
{"Author": "LFA17SCM46C", "created_at": "2017-11-09", "labels": ["Category:Inquiry", "DetectionPhase:Field", "OriginationPhase:Coding", "Priority:High", "Status:inProgress"], "State": "closed", "issue_number": 307, "closed_at": "2017-11-12"}
{"Author": "KunyangZhao", "created_at": "2017-11-09", "labels": ["Category:Bug", "DetectionPhase:Testing", "OriginationPhase:Requirements", "Priority:Critical", "Status:Approved"], "State": "closed", "issue_number": 305, "closed_at": "2017-11-12"}
{"Author": "SFA17SCM51M", "created_at": "2017-11-09", "labels": ["Category:Enhancement", "DetectionPhase:Testing", "OriginationPhase:Requirements", "Priority:Critical", "Status:Approved"], "State": "closed", "issue_number": 311, "closed_at": "2017-11-12"}
{"Author": "ZFA17SCM65L", "created_at": "2017-11-08", "labels": ["Category:Bug", "DetectionPhase:Testing", "OriginationPhase:Requirements", "Priority:Major", "Status:Completed"], "State": "closed", "issue_number": 301, "closed_at": "2017-11-12"}
{"Author": "VFA17SCM91P", "created_at": "2017-11-08", "labels": ["Category:Enhancement", "DetectionPhase:Testing", "OriginationPhase:Design", "Priority:Major", "Status:Completed"], "State": "closed", "issue_number": 299, "closed_at": "2017-11-12"}
{"Author": "DFA17SCM75G", "created_at": "2017-11-08", "labels": ["Category:Enhancement", "DetectionPhase:Testing", "OriginationPhase:Requirements", "Priority:Critical", "Status:Approved"], "State": "closed", "issue_number": 298, "closed_at": "2017-11-12"}
{"Author": "CFA17SCM76S", "created_at": "2017-11-08", "labels": ["Category:Inquiry", "DetectionPhase:Field", "OriginationPhase:Coding", "Priority:High", "Status:inProgress"], "State": "closed", "issue_number": 297, "closed_at": "2017-11-12"}
{"Author": "MFA17SCM14K", "created_at": "2017-11-08", "labels": ["Category:Inquiry", "DetectionPhase:Field", "OriginationPhase:Coding", "Priority:Low", "Status:pendingReview"], "State": "closed", "issue_number": 296, "closed_at": "2017-11-12"}
{"Author": "AzharShaikhSE", "created_at": "2017-11-08", "labels": ["Category:Inquiry", "DetectionPhase:Field", "OriginationPhase:Coding", "Priority:High", "Status:inProgress"], "State": "closed", "issue_number": 293, "closed_at": "2017-11-12"}
{"Author": "NFA17SCM86P", "created_at": "2017-11-08", "labels": ["Category:Inquiry", "DetectionPhase:Field", "OriginationPhase:Coding", "Priority:Low", "Status:pendingReview"], "State": "closed", "issue_number": 292, "closed_at": "2017-11-12"}
{"Author": "ghost", "created_at": "2017-11-08", "labels": ["Category:Bug", "DetectionPhase:Testing", "OriginationPhase:Requirements", "Priority:Critical", "Status:Approved"], "State": "closed", "issue_number": 290, "closed_at": "2017-11-12"}
{"Author": "NFA17SCM78K", "created_at": "2017-11-08", "labels": ["Category:Inquiry", "DetectionPhase:Field", "OriginationPhase:Coding", "Priority:High", "Status:inProgress"], "State": "closed", "issue_number": 287, "closed_at": "2017-11-12"}
{"Author": "SFA17SCM83G", "created_at": "2017-11-08", "labels": ["Category:Bug", "DetectionPhase:Testing", "OriginationPhase:Design", "Priority:Critical", "Status:Approved"], "State": "closed", "issue_number": 286, "closed_at": "2017-11-12"}
{"Author": "AFA17SCM24P", "created_at": "2017-11-08", "labels": ["Category:Inquiry", "DetectionPhase:Field", "OriginationPhase:Coding", "Priority:Medium", "Status:inProgress"], "State": "closed", "issue_number": 285, "closed_at": "2017-11-12"}
{"Author": "ajdhv", "created_at": "2017-11-08", "labels": ["Category:Bug", "DetectionPhase:Testing", "OriginationPhase:Design", "Priority:Critical", "Status:Approved"], "State": "closed", "issue_number": 283, "closed_at": "2017-11-12"}
{"Author": "TFA17SCM42T", "created_at": "2017-11-08", "labels": ["Category:Inquiry", "DetectionPhase:Field", "OriginationPhase:Coding", "Priority:Medium", "Status:pendingReview"], "State": "closed", "issue_number": 279, "closed_at": "2017-11-12"}
{"Author": "KFA17SCM41P", "created_at": "2017-11-08", "labels": ["Category:Enhancement", "DetectionPhase:Testing", "OriginationPhase:Requirements", "Priority:Critical", "Status:Approved"], "State": "open", "issue_number": 278, "closed_at": null}
{"Author": "aashka-agarwal", "created_at": "2017-11-08", "labels": ["Category:Bug", "DetectionPhase:Testing", "OriginationPhase:Design", "Priority:Critical", "Status:Approved"], "State": "open", "issue_number": 277, "closed_at": null}
{"Author": "CFA17SCM76S", "created_at": "2017-11-08", "labels": ["Category:Bug", "DetectionPhase:Design", "OriginationPhase:Requirements", "Priority:Medium", "Status:pendingReview"], "State": "closed", "issue_number": 276, "closed_at": "2017-11-08"}
{"Author": "HFA17SCM22Z", "created_at": "2017-11-08", "labels": ["Category:Bug", "DetectionPhase:Design", "OriginationPhase:Design", "Priority:Medium", "Status:Approved"], "State": "closed", "issue_number": 273, "closed_at": "2017-11-08"}
{"Author": "EFA17SCM54A", "created_at": "2017-11-06", "labels": ["Category:Bug", "DetectionPhase:Design", "OriginationPhase:Requirements", "Priority:Critical", "Status:Approved"], "State": "closed", "issue_number": 268, "closed_at": "2017-11-07"}
{"Author": "SFA17SCM53B", "created_at": "2017-11-06", "labels": ["Category:Bug", "DetectionPhase:Design", "OriginationPhase:Requirements", "Priority:Medium", "Status:inProgress"], "State": "closed", "issue_number": 267, "closed_at": "2017-11-08"}
{"Author": "CFA17SCM73P", "created_at": "2017-11-06", "labels": ["Category:Bug", "DetectionPhase:Design", "OriginationPhase:Requirements", "Priority:Medium", "Status:pendingReview"], "State": "closed", "issue_number": 265, "closed_at": "2017-11-07"}
{"Author": "AFA17SCM22R", "created_at": "2017-11-06", "labels": ["Category:Bug", "DetectionPhase:Design", "OriginationPhase:Requirements", "Priority:Critical", "Status:pendingReview"], "State": "closed", "issue_number": 264, "closed_at": "2017-11-06"}
{"Author": "SFA17SCM53B", "created_at": "2017-11-06", "labels": ["Category:Bug", "DetectionPhase:Design", "OriginationPhase:Requirements", "Priority:Medium", "Status:inProgress"], "State": "closed", "issue_number": 263, "closed_at": "2017-11-06"}
{"Author": "AFA17SCM83P", "created_at": "2017-11-06", "labels": ["Category:Bug", "DetectionPhase:Design", "OriginationPhase:Design", "Priority:Critical", "Status:pendingReview"], "State": "closed", "issue_number": 261, "closed_at": "2017-11-07"}
{"Author": "SFA17SCM73G", "created_at": "2017-11-06", "labels": ["Category:Bug", "DetectionPhase:Design", "OriginationPhase:Requirements", "Priority:Medium", "Status:pendingReview"], "State": "closed", "issue_number": 259, "closed_at": "2017-11-08"}
{"Author": "SFA17SCM53B", "created_at": "2017-11-06", "labels": ["Category:Bug", "DetectionPhase:Design", "OriginationPhase:Requirements", "Priority:Medium", "Status:inProgress"], "State": "closed", "issue_number": 258, "closed_at": "2017-11-06"}
{"Author": "ghost", "created_at": "2017-11-06", "labels": ["Category:Bug", "DetectionPhase:Design", "OriginationPhase:Requirements", "Priority:Critical", "Status:inProgress"], "State": "closed", "issue_number": 257, "closed_at": "2017-11-07"}
{"Author": "CFA17SCM37A", "created_at": "2017-11-05", "labels": ["Category:Bug", "DetectionPhase:Design", "OriginationPhase:Requirements", "Priority:Critical", "Status:pendingReview"], "State": "closed", "issue_number": 254, "closed_at": "2017-11-08"}
{"Author": "LFA17SCM46C", "created_at": "2017-11-05", "labels": ["Category:Bug", "DetectionPhase:Design", "OriginationPhase:Design", "Priority:Medium", "Status:Approved"], "State": "closed", "issue_number": 253, "closed_at": "2017-11-07"}
{"Author": "CFA17SCM37A", "created_at": "2017-11-05", "labels": ["Category:Bug", "DetectionPhase:Design", "OriginationPhase:Requirements", "Priority:Critical", "Status:pendingReview"], "State": "closed", "issue_number": 252, "closed_at": "2017-11-05"}
{"Author": "AFA17SCM67R", "created_at": "2017-11-05", "labels": ["Category:Bug", "DetectionPhase:Design", "OriginationPhase:Requirements", "Priority:Medium", "Status:pendingReview"], "State": "closed", "issue_number": 248, "closed_at": "2017-11-08"}
{"Author": "PFA17SCM83S", "created_at": "2017-11-05", "labels": ["Category:Bug", "DetectionPhase:Design", "OriginationPhase:Requirements", "Priority:Medium", "Status:pendingReview"], "State": "closed", "issue_number": 247, "closed_at": "2017-11-07"}
{"Author": "WFA17SCM51Y", "created_at": "2017-11-05", "labels": ["Category:Bug", "DetectionPhase:Design", "OriginationPhase:Requirements", "Priority:Medium", "Status:pendingReview"], "State": "closed", "issue_number": 246, "closed_at": "2017-11-07"}
{"Author": "SFA17SCM46N", "created_at": "2017-11-05", "labels": ["Category:Bug", "DetectionPhase:Design", "OriginationPhase:Design", "Priority:Medium", "Status:Approved"], "State": "open", "issue_number": 238, "closed_at": null}
{"Author": "jjayavelu", "created_at": "2017-11-05", "labels": ["Category:Bug", "DetectionPhase:Design", "OriginationPhase:Requirements", "Priority:Medium", "Status:pendingReview"], "State": "closed", "issue_number": 233, "closed_at": "2017-11-08"}
{"Author": "PFA17SCM83S", "created_at": "2017-11-05", "labels": ["Category:Bug", "DetectionPhase:Design", "OriginationPhase:Requirements", "Priority:Medium", "Status:pendingReview"], "State": "closed", "issue_number": 230, "closed_at": "2017-11-05"}
{"Author": "AFA17SCM67R", "created_at": "2017-11-05", "labels": ["Category:Bug", "DetectionPhase:Design", "OriginationPhase:Requirements", "Priority:Medium", "Status:pendingReview"], "State": "closed", "issue_number": 228, "closed_at": "2017-11-05"}
{"Author": "pshanmuganathan", "created_at": "2017-11-05", "labels": [], "State": "open", "issue_number": 227, "closed_at": null}
{"Author": "ChicagoJ", "created_at": "2017-11-05", "labels": ["Category:Bug", "DetectionPhase:Design", "OriginationPhase:Requirements", "Priority:Medium", "Status:Approved"], "State": "open", "issue_number": 221, "closed_at": null}
{"Author": "MFA17SCM76P", "created_at": "2017-11-05", "labels": ["Category:Bug", "DetectionPhase:Design", "OriginationPhase:Requirements", "Priority:Critical", "Status:pendingReview"], "State": "closed", "issue_number": 218, "closed_at": "2017-11-07"}
{"Author": "ChicagoJ", "created_at": "2017-11-05", "labels": ["Category:Bug", "DetectionPhase:Testing", "OriginationPhase:Design", "Priority:Critical", "Status:Approved"], "State": "closed", "issue_number": 217, "closed_at": "2017-11-05"}
{"Author": "AFA17SCM67S", "created_at": "2017-11-05", "labels": ["Category:Bug", "DetectionPhase:Design", "OriginationPhase:Requirements", "Priority:Medium", "Status:inProgress"], "State": "open", "issue_number": 216, "closed_at": null}
{"Author": "AFA17SCM37B", "created_at": "2017-11-05", "labels": ["Category:Bug", "DetectionPhase:Design", "OriginationPhase:Design", "Priority:Critical", "Status:inProgress"], "State": "closed", "issue_number": 214, "closed_at": "2017-11-05"}
{"Author": "ghost", "created_at": "2017-11-05", "labels": ["Category:Bug", "DetectionPhase:Design", "OriginationPhase:Requirements", "Priority:Medium", "Status:Approved"], "State": "closed", "issue_number": 215, "closed_at": "2017-11-05"}
{"Author": "SFA17SCM18G", "created_at": "2017-11-05", "labels": ["Category:Bug", "DetectionPhase:Design", "OriginationPhase:Requirements", "Priority:Medium", "Status:pendingReview"], "State": "closed", "issue_number": 212, "closed_at": "2017-11-08"}
{"Author": "DFA17SCM73M", "created_at": "2017-11-05", "labels": ["Category:Bug", "DetectionPhase:Design", "OriginationPhase:Requirements", "Priority:Medium", "Status:pendingReview"], "State": "closed", "issue_number": 211, "closed_at": "2017-11-07"}
{"Author": "SFA17SCM40N", "created_at": "2017-11-05", "labels": ["Category:Bug", "DetectionPhase:Design", "OriginationPhase:Requirements", "Priority:Medium", "Status:pendingReview"], "State": "closed", "issue_number": 210, "closed_at": "2017-11-08"}
{"Author": "VFA17SCM20H", "created_at": "2017-11-05", "labels": ["Category:Bug", "DetectionPhase:Design", "OriginationPhase:Requirements", "Priority:Medium", "Status:inProgress"], "State": "closed", "issue_number": 207, "closed_at": "2017-11-07"}
{"Author": "SFA17SCM12E", "created_at": "2017-11-05", "labels": ["Category:Bug", "DetectionPhase:Design", "OriginationPhase:Requirements", "Priority:Medium", "Status:pendingReview"], "State": "closed", "issue_number": 206, "closed_at": "2017-11-08"}
{"Author": "DFA17SCM55J", "created_at": "2017-11-05", "labels": ["Category:Bug", "DetectionPhase:Design", "OriginationPhase:Requirements", "Priority:Medium", "Status:inProgress"], "State": "closed", "issue_number": 203, "closed_at": "2017-11-07"}
{"Author": "CFA17SCM93S", "created_at": "2017-11-05", "labels": ["Category:Bug", "DetectionPhase:Design", "OriginationPhase:Requirements", "Priority:Medium", "Status:inProgress"], "State": "closed", "issue_number": 201, "closed_at": "2017-11-07"}
{"Author": "SFA17SCM46N", "created_at": "2017-11-05", "labels": ["Category:Bug", "DetectionPhase:Coding", "OriginationPhase:Design", "Priority:Medium", "Status:Approved"], "State": "closed", "issue_number": 200, "closed_at": "2017-11-05"}
{"Author": "MFA17SCM69L", "created_at": "2017-11-05", "labels": ["Category:Bug", "DetectionPhase:Design", "OriginationPhase:Design", "Priority:Medium", "Status:Approved"], "State": "open", "issue_number": 196, "closed_at": null}
{"Author": "RFA17SCM93S", "created_at": "2017-11-05", "labels": ["Category:Bug", "DetectionPhase:Design", "OriginationPhase:Design", "Priority:Critical", "Status:pendingReview"], "State": "open", "issue_number": 195, "closed_at": null}
{"Author": "VFA17SCM53S", "created_at": "2017-11-05", "labels": ["Category:Bug", "DetectionPhase:Design", "OriginationPhase:Design", "Priority:Critical", "Status:pendingReview"], "State": "closed", "issue_number": 194, "closed_at": "2017-11-08"}
{"Author": "MFA17SCM37H", "created_at": "2017-11-05", "labels": ["Category:Bug", "DetectionPhase:Design", "OriginationPhase:Requirements", "Priority:Medium", "Status:inProgress"], "State": "open", "issue_number": 193, "closed_at": null}
{"Author": "vaishnavi-gudur", "created_at": "2017-11-05", "labels": ["Category:Bug", "DetectionPhase:Design", "OriginationPhase:Requirements", "Priority:Medium", "Status:pendingReview"], "State": "open", "issue_number": 190, "closed_at": null}
{"Author": "pyerpude", "created_at": "2017-11-05", "labels": ["Category:Bug", "DetectionPhase:Design", "OriginationPhase:Requirements", "Priority:Medium", "Status:pendingReview"], "State": "closed", "issue_number": 189, "closed_at": "2017-11-07"}
{"Author": "SFA17SCM72D", "created_at": "2017-11-05", "labels": [], "State": "closed", "issue_number": 187, "closed_at": "2017-11-05"}
{"Author": "SFA17SCM76B", "created_at": "2017-11-05", "labels": ["Category:Bug", "DetectionPhase:Design", "OriginationPhase:Requirements", "Priority:Medium", "Status:Approved"], "State": "closed", "issue_number": 186, "closed_at": "2017-11-05"}
{"Author": "AFA17SCM06M", "created_at": "2017-11-05", "labels": ["Category:Bug", "DetectionPhase:Design", "OriginationPhase:Requirements", "Priority:Medium", "Status:pendingReview"], "State": "closed", "issue_number": 185, "closed_at": "2017-11-08"}
{"Author": "AFA17SCM79C", "created_at": "2017-11-05", "labels": ["Category:Bug", "DetectionPhase:Design", "OriginationPhase:Design", "Priority:Critical", "Status:inProgress"], "State": "open", "issue_number": 182, "closed_at": null}
{"Author": "PFA17SCM13Y", "created_at": "2017-11-05", "labels": ["Category:Bug", "DetectionPhase:Design", "OriginationPhase:Requirements", "Priority:Medium", "Status:inProgress"], "State": "closed", "issue_number": 179, "closed_at": "2017-11-08"}
{"Author": "ghost", "created_at": "2017-11-05", "labels": ["Category:Bug", "DetectionPhase:Design", "OriginationPhase:Requirements", "Priority:Medium", "Status:pendingReview"], "State": "closed", "issue_number": 177, "closed_at": "2017-11-07"}
{"Author": "RFA17SCM02C", "created_at": "2017-11-05", "labels": ["Category:Bug", "DetectionPhase:Design", "OriginationPhase:Requirements", "Priority:Medium", "Status:pendingReview"], "State": "closed", "issue_number": 176, "closed_at": "2017-11-08"}
{"Author": "KFA17SCM32K", "created_at": "2017-11-05", "labels": ["Category:Bug", "DetectionPhase:Design", "OriginationPhase:Requirements", "Priority:Medium", "Status:Approved"], "State": "closed", "issue_number": 173, "closed_at": "2017-11-07"}
{"Author": "BFA17SCM78K", "created_at": "2017-11-05", "labels": ["Category:Bug", "DetectionPhase:Design", "OriginationPhase:Requirements", "Priority:Medium", "Status:inProgress"], "State": "open", "issue_number": 172, "closed_at": null}
{"Author": "RFA17SCM02C", "created_at": "2017-11-05", "labels": ["Category:Bug", "DetectionPhase:Design", "OriginationPhase:Requirements", "Priority:Medium", "Status:pendingReview"], "State": "closed", "issue_number": 170, "closed_at": "2017-11-05"}
{"Author": "MFA17SCM45A", "created_at": "2017-11-05", "labels": ["Category:Bug", "DetectionPhase:Design", "OriginationPhase:Design", "Priority:Critical", "Status:Approved"], "State": "closed", "issue_number": 171, "closed_at": "2017-11-07"}
{"Author": "VFA17SCM49T", "created_at": "2017-11-05", "labels": ["Category:Bug", "DetectionPhase:Design", "OriginationPhase:Requirements", "Priority:Medium", "Status:inProgress"], "State": "closed", "issue_number": 169, "closed_at": "2017-11-07"}
{"Author": "SFA17SCM05A", "created_at": "2017-11-05", "labels": ["Category:Bug", "DetectionPhase:Design", "OriginationPhase:Requirements", "Priority:Medium", "Status:inProgress"], "State": "closed", "issue_number": 164, "closed_at": "2017-11-07"}
{"Author": "MFA17SCM14K", "created_at": "2017-11-05", "labels": ["Category:Bug", "DetectionPhase:Design", "OriginationPhase:Requirements", "Priority:Critical", "Status:inProgress"], "State": "closed", "issue_number": 161, "closed_at": "2017-11-07"}
{"Author": "AFA17SCM18K", "created_at": "2017-11-05", "labels": ["Category:Bug", "DetectionPhase:Design", "OriginationPhase:Requirements", "Priority:Medium", "Status:Approved"], "State": "closed", "issue_number": 157, "closed_at": "2017-11-07"}
{"Author": "MFA17SCM24J", "created_at": "2017-11-05", "labels": ["Category:Bug", "DetectionPhase:Design", "OriginationPhase:Requirements", "Priority:Medium", "Status:pendingReview"], "State": "closed", "issue_number": 156, "closed_at": "2017-11-08"}
{"Author": "PFA17SCM45P", "created_at": "2017-11-05", "labels": ["Category:Bug", "DetectionPhase:Design", "OriginationPhase:Design", "Priority:Medium", "Status:Approved"], "State": "closed", "issue_number": 155, "closed_at": "2017-11-07"}
{"Author": "RFA17SCM30D", "created_at": "2017-11-05", "labels": ["Category:Bug", "DetectionPhase:Design", "OriginationPhase:Requirements", "Priority:Medium", "Status:inProgress"], "State": "open", "issue_number": 154, "closed_at": null}
{"Author": "QiBinwei", "created_at": "2017-11-05", "labels": ["Category:Bug", "DetectionPhase:Design", "OriginationPhase:Design", "Priority:Medium", "Status:inProgress"], "State": "closed", "issue_number": 150, "closed_at": "2017-11-07"}
{"Author": "SFA17SCM72D", "created_at": "2017-11-05", "labels": ["Category:Bug", "DetectionPhase:Design", "OriginationPhase:Requirements", "Priority:Medium", "Status:Approved"], "State": "closed", "issue_number": 147, "closed_at": "2017-11-08"}
{"Author": "QiBinwei", "created_at": "2017-11-05", "labels": ["Category:Bug", "DetectionPhase:Design", "OriginationPhase:Design", "Priority:Medium", "Status:inProgress"], "State": "closed", "issue_number": 146, "closed_at": "2017-11-05"}
{"Author": "QiBinwei", "created_at": "2017-11-05", "labels": ["Category:Bug", "DetectionPhase:Design", "OriginationPhase:Design", "Priority:Medium", "Status:inProgress"], "State": "closed", "issue_number": 142, "closed_at": "2017-11-05"}
{"Author": "RFA17SCM13B", "created_at": "2017-11-05", "labels": ["Category:Bug", "DetectionPhase:Design", "OriginationPhase:Requirements", "Priority:Medium", "Status:inProgress"], "State": "closed", "issue_number": 141, "closed_at": "2017-11-08"}
{"Author": "SFA17SCM36G", "created_at": "2017-11-05", "labels": ["Category:Bug", "DetectionPhase:Design", "OriginationPhase:Design", "Priority:Medium", "Status:Approved"], "State": "closed", "issue_number": 140, "closed_at": "2017-11-08"}
{"Author": "TFA17SCM45B", "created_at": "2017-11-05", "labels": ["Category:Bug", "DetectionPhase:Design", "OriginationPhase:Requirements", "Priority:Medium", "Status:pendingReview"], "State": "closed", "issue_number": 137, "closed_at": "2017-11-07"}
{"Author": "CFA17SCM37A", "created_at": "2017-11-05", "labels": [], "State": "closed", "issue_number": 134, "closed_at": "2017-11-05"}
{"Author": "somsunder-gowda", "created_at": "2017-11-05", "labels": ["Category:Bug", "DetectionPhase:Design", "OriginationPhase:Design", "Priority:Medium", "Status:Approved"], "State": "closed", "issue_number": 133, "closed_at": "2017-11-08"}
{"Author": "SFA17SCM72K", "created_at": "2017-11-05", "labels": ["Category:Bug", "DetectionPhase:Design", "OriginationPhase:Design", "Priority:Medium", "Status:Approved"], "State": "closed", "issue_number": 131, "closed_at": "2017-11-08"}
{"Author": "VFA17SCM05J", "created_at": "2017-11-05", "labels": ["Category:Bug", "DetectionPhase:Design", "OriginationPhase:Design", "Priority:Medium", "Status:Approved"], "State": "closed", "issue_number": 130, "closed_at": "2017-11-07"}
{"Author": "CFA17SCM37A", "created_at": "2017-11-05", "labels": [], "State": "closed", "issue_number": 129, "closed_at": "2017-11-05"}
{"Author": "CFA17SCM37A", "created_at": "2017-11-05", "labels": [], "State": "closed", "issue_number": 128, "closed_at": "2017-11-05"}
{"Author": "DFA17SCM44P", "created_at": "2017-11-05", "labels": ["Category:Bug", "DetectionPhase:Design", "OriginationPhase:Design", "Priority:Medium", "Status:Approved"], "State": "closed", "issue_number": 126, "closed_at": "2017-11-08"}
{"Author": "rsp17scm43s", "created_at": "2017-11-11", "labels": ["Category:Bug", "DetectionPhase:Design", "OriginationPhase:Design", "Priority:Critical", "Status:Approved"], "State": "closed", "issue_number": 120, "closed_at": "2017-11-07"}
{"Author": "SFA17SCM15H", "created_at": "2017-11-11", "labels": ["Category:Bug", "DetectionPhase:Design", "OriginationPhase:Design", "Priority:Critical", "Status:Approved"], "State": "closed", "issue_number": 119, "closed_at": "2017-11-08"}
{"Author": "JFA17SCM87M", "created_at": "2017-11-11", "labels": ["Category:Bug", "DetectionPhase:Design", "OriginationPhase:Requirements", "Priority:Medium", "Status:inProgress"], "State": "closed", "issue_number": 115, "closed_at": "2017-11-08"}
{"Author": "PFA17SCM23S", "created_at": "2017-11-11", "labels": ["Category:Bug", "DetectionPhase:Design", "OriginationPhase:Requirements", "Priority:Medium", "Status:Approved"], "State": "closed", "issue_number": 114, "closed_at": "2017-11-08"}
{"Author": "LFA17SCM52M", "created_at": "2017-11-11", "labels": ["Category:Bug", "DetectionPhase:Design", "OriginationPhase:Design", "Priority:Critical", "Status:inProgress"], "State": "closed", "issue_number": 112, "closed_at": "2017-11-08"}
{"Author": "NFA17SCM64P", "created_at": "2017-11-11", "labels": ["Category:Bug", "DetectionPhase:Design", "OriginationPhase:Requirements", "Priority:Critical", "Status:inProgress"], "State": "closed", "issue_number": 109, "closed_at": "2017-11-08"}
{"Author": "HFA17SCM05A", "created_at": "2017-11-11", "labels": ["Category:Bug", "DetectionPhase:Design", "OriginationPhase:Design", "Priority:Critical", "Status:Approved"], "State": "closed", "issue_number": 108, "closed_at": "2017-11-08"}
{"Author": "AFA17SCM08L", "created_at": "2017-11-11", "labels": ["Category:Bug", "DetectionPhase:Design", "OriginationPhase:Design", "Priority:Critical", "Status:Approved"], "State": "closed", "issue_number": 107, "closed_at": "2017-11-08"}
{"Author": "YFA17SCM85S", "created_at": "2017-11-11", "labels": ["Category:Bug", "DetectionPhase:Design", "OriginationPhase:Requirements", "Priority:Medium", "Status:pendingReview"], "State": "closed", "issue_number": 111, "closed_at": "2017-11-07"}
{"Author": "AFA17SCM65S", "created_at": "2017-11-11", "labels": ["Category:Bug", "DetectionPhase:Design", "OriginationPhase:Requirements", "Priority:Medium", "Status:pendingReview"], "State": "closed", "issue_number": 103, "closed_at": "2017-11-08"}
{"Author": "VFA17SCM57G", "created_at": "2017-11-11", "labels": ["Category:Bug", "DetectionPhase:Design", "OriginationPhase:Requirements", "Priority:Critical", "Status:Approved"], "State": "closed", "issue_number": 102, "closed_at": "2017-11-07"}
{"Author": "KFA17SCM61S", "created_at": "2017-11-11", "labels": ["Category:Bug", "DetectionPhase:Design", "OriginationPhase:Design", "Priority:Critical", "Status:Approved"], "State": "open", "issue_number": 101, "closed_at": null}
{"Author": "VFA17SCM91P", "created_at": "2017-11-11", "labels": ["Category:Bug", "DetectionPhase:Design", "OriginationPhase:Design", "Priority:Critical", "Status:inProgress"], "State": "closed", "issue_number": 100, "closed_at": "2017-11-08"}
{"Author": "RFA17SCM16P", "created_at": "2017-11-11", "labels": ["Category:Bug", "DetectionPhase:Design", "OriginationPhase:Design", "Priority:Critical", "Status:Approved"], "State": "closed", "issue_number": 99, "closed_at": "2017-11-08"}
{"Author": "NFA17SCM64P", "created_at": "2017-11-11", "labels": ["Category:Bug", "DetectionPhase:Design", "OriginationPhase:Requirements", "Priority:Critical", "Status:inProgress"], "State": "closed", "issue_number": 97, "closed_at": "2017-11-11"}
{"Author": "DalinYang", "created_at": "2017-11-11", "labels": ["Category:Bug", "DetectionPhase:Design", "OriginationPhase:Requirements", "Priority:Medium", "Status:inProgress"], "State": "closed", "issue_number": 95, "closed_at": "2017-11-07"}
{"Author": "NFA17SCM64A", "created_at": "2017-11-11", "labels": ["Category:Bug", "DetectionPhase:Design", "OriginationPhase:Requirements", "Priority:Medium", "Status:pendingReview"], "State": "closed", "issue_number": 93, "closed_at": "2017-11-11"}
{"Author": "AFA17SCM51M", "created_at": "2017-11-11", "labels": ["Category:Bug", "DetectionPhase:Design", "OriginationPhase:Requirements", "Priority:Medium", "Status:pendingReview"], "State": "closed", "issue_number": 92, "closed_at": "2017-11-05"}
{"Author": "CFA17SCM61S", "created_at": "2017-11-11", "labels": ["Category:Bug", "DetectionPhase:Design", "OriginationPhase:Requirements", "Priority:Medium", "Status:inProgress"], "State": "open", "issue_number": 89, "closed_at": null}
{"Author": "QiBinwei", "created_at": "2017-11-11", "labels": ["Category:Bug", "DetectionPhase:Design", "OriginationPhase:Design", "Priority:Critical", "Status:inProgress"], "State": "closed", "issue_number": 88, "closed_at": "2017-11-05"}
{"Author": "aashka-agarwal", "created_at": "2017-11-11", "labels": ["Category:Bug", "DetectionPhase:Design", "OriginationPhase:Requirements", "Priority:Medium", "Status:inProgress"], "State": "closed", "issue_number": 87, "closed_at": "2017-11-08"}
{"Author": "DFA17SCM62P", "created_at": "2017-11-11", "labels": ["Category:Bug", "DetectionPhase:Design", "OriginationPhase:Requirements", "Priority:Critical", "Status:inProgress"], "State": "closed", "issue_number": 86, "closed_at": "2017-11-08"}
{"Author": "RFA17SCM01J", "created_at": "2017-11-11", "labels": ["Category:Bug", "DetectionPhase:Design", "OriginationPhase:Design", "Priority:Medium", "Status:Approved"], "State": "closed", "issue_number": 83, "closed_at": "2017-11-11"}
{"Author": "RFA17SCM01J", "created_at": "2017-11-11", "labels": ["Category:Bug", "DetectionPhase:Design", "OriginationPhase:Requirements", "Priority:Medium", "Status:Approved"], "State": "closed", "issue_number": 78, "closed_at": "2017-11-11"}
{"Author": "SFA17SCM07P", "created_at": "2017-11-11", "labels": ["Category:Bug", "DetectionPhase:Design", "OriginationPhase:Requirements", "Priority:Medium", "Status:Approved"], "State": "closed", "issue_number": 77, "closed_at": "2017-11-08"}
{"Author": "YFA17SCM99L", "created_at": "2017-11-11", "labels": ["Category:Bug", "DetectionPhase:Design", "OriginationPhase:Requirements", "Priority:Medium", "Status:pendingReview"], "State": "closed", "issue_number": 76, "closed_at": "2017-11-08"}
{"Author": "AFA17SCM45K", "created_at": "2017-11-11", "labels": ["Category:Bug", "DetectionPhase:Design", "OriginationPhase:Design", "Priority:Medium", "Status:Approved"], "State": "closed", "issue_number": 73, "closed_at": "2017-11-08"}
{"Author": "AFA17SCM45K", "created_at": "2017-11-11", "labels": [], "State": "closed", "issue_number": 72, "closed_at": "2017-11-11"}
{"Author": "AFA17SCM45K", "created_at": "2017-11-11", "labels": [], "State": "closed", "issue_number": 70, "closed_at": "2017-11-11"}
{"Author": "AFA17SCM45K", "created_at": "2017-11-11", "labels": [], "State": "closed", "issue_number": 69, "closed_at": "2017-11-11"}
{"Author": "AFA17SCM38S", "created_at": "2017-11-11", "labels": ["Category:Bug", "DetectionPhase:Design", "OriginationPhase:Design", "Priority:Medium", "Status:Approved"], "State": "closed", "issue_number": 67, "closed_at": "2017-11-08"}
{"Author": "NFA17SCM86P", "created_at": "2017-11-11", "labels": ["Category:Bug", "DetectionPhase:Design", "OriginationPhase:Requirements", "Priority:Critical", "Status:inProgress"], "State": "closed", "issue_number": 65, "closed_at": "2017-11-08"}
{"Author": "AzharShaikhSE", "created_at": "2017-11-11", "labels": ["Category:Bug", "DetectionPhase:Design", "OriginationPhase:Requirements", "Priority:Medium", "Status:pendingReview"], "State": "closed", "issue_number": 64, "closed_at": "2017-11-08"}
{"Author": "KFA17SCM70P", "created_at": "2017-11-11", "labels": ["Category:Bug", "DetectionPhase:Design", "OriginationPhase:Design", "Priority:Medium", "Status:Approved"], "State": "closed", "issue_number": 58, "closed_at": "2017-11-07"}
{"Author": "FFA17SCM69C", "created_at": "2017-11-11", "labels": ["Category:Bug", "DetectionPhase:Design", "OriginationPhase:Design", "Priority:Critical", "Status:inProgress"], "State": "closed", "issue_number": 56, "closed_at": "2017-11-08"}
{"Author": "snurukurthi", "created_at": "2017-11-11", "labels": ["Category:Bug", "DetectionPhase:Design", "OriginationPhase:Requirements", "Priority:Medium", "Status:pendingReview"], "State": "closed", "issue_number": 54, "closed_at": "2017-11-08"}
{"Author": "SFA17SCM64M", "created_at": "2017-11-11", "labels": ["Category:Bug", "DetectionPhase:Design", "OriginationPhase:Requirements", "Priority:Medium", "Status:Approved"], "State": "closed", "issue_number": 51, "closed_at": "2017-11-08"}
{"Author": "RFA17SCM29P", "created_at": "2017-11-11", "labels": ["Category:Bug", "DetectionPhase:Design", "OriginationPhase:Requirements", "Priority:Critical", "Status:inProgress"], "State": "open", "issue_number": 49, "closed_at": null}
{"Author": "ShraddhaMantri", "created_at": "2017-11-11", "labels": ["Category:Bug", "DetectionPhase:Design", "OriginationPhase:Requirements", "Priority:Medium", "Status:inProgress"], "State": "closed", "issue_number": 47, "closed_at": "2017-11-11"}
{"Author": "CFA17SCM44H", "created_at": "2017-11-11", "labels": ["Category:Bug", "DetectionPhase:Design", "OriginationPhase:Design", "Priority:Medium", "Status:inProgress"], "State": "closed", "issue_number": 46, "closed_at": "2017-11-08"}
{"Author": "SFA17SCM51M", "created_at": "2017-11-11", "labels": ["Category:Bug", "DetectionPhase:Design", "OriginationPhase:Requirements", "Priority:Medium", "Status:Approved"], "State": "closed", "issue_number": 45, "closed_at": "2017-11-11"}
{"Author": "PFA17SCM23S", "created_at": "2017-11-11", "labels": ["Category:Bug", "DetectionPhase:Design", "OriginationPhase:Design", "Priority:Medium", "Status:pendingReview"], "State": "closed", "issue_number": 42, "closed_at": "2017-11-11"}
{"Author": "RFA17SCM86D", "created_at": "2017-11-03", "labels": ["Category:Bug", "DetectionPhase:Design", "OriginationPhase:Requirements", "Priority:Medium", "Status:Approved"], "State": "closed", "issue_number": 41, "closed_at": "2017-11-03"}
{"Author": "AFA17SCM66S", "created_at": "2017-11-03", "labels": ["Category:Bug", "DetectionPhase:Design", "OriginationPhase:Requirements", "Priority:Medium", "Status:pendingReview"], "State": "closed", "issue_number": 37, "closed_at": "2017-11-08"}
{"Author": "DFA17SCM75G", "created_at": "2017-11-03", "labels": ["Category:Bug", "DetectionPhase:Design", "OriginationPhase:Requirements", "Priority:Medium", "Status:Approved"], "State": "closed", "issue_number": 36, "closed_at": "2017-11-08"}
{"Author": "FAM587FA17", "created_at": "2017-11-03", "labels": ["Category:Bug", "DetectionPhase:Design", "OriginationPhase:Requirements", "Priority:Critical", "Status:pendingReview"], "State": "closed", "issue_number": 34, "closed_at": "2017-11-08"}
{"Author": "SFA17SCM77D", "created_at": "2017-11-03", "labels": ["Category:Bug", "DetectionPhase:Design", "OriginationPhase:Requirements", "Priority:Critical", "Status:pendingReview"], "State": "closed", "issue_number": 33, "closed_at": "2017-11-08"}
{"Author": "KFA17SCM41P", "created_at": "2017-11-03", "labels": ["Category:Bug", "DetectionPhase:Design", "OriginationPhase:Design", "Priority:Medium", "Status:pendingReview"], "State": "open", "issue_number": 30, "closed_at": null}
{"Author": "aashka-agarwal", "created_at": "2017-11-03", "labels": ["Category:Bug", "DetectionPhase:Design", "OriginationPhase:Requirements", "Priority:Medium", "Status:inProgress"], "State": "closed", "issue_number": 29, "closed_at": "2017-11-11"}
{"Author": "KunyangZhao", "created_at": "2017-11-02", "labels": ["Category:Bug", "DetectionPhase:Design", "OriginationPhase:Design", "Priority:Critical", "Status:pendingReview"], "State": "closed", "issue_number": 24, "closed_at": "2017-11-11"}
{"Author": "YFA17SCM25H", "created_at": "2017-11-02", "labels": ["DetectionPhase:Design", "OriginationPhase:Design", "Priority:Medium", "Status:pendingReview"], "State": "closed", "issue_number": 21, "closed_at": "2017-11-08"}
{"Author": "ZFA17SCM65L", "created_at": "2017-11-02", "labels": ["Category:Bug", "DetectionPhase:Design", "OriginationPhase:Requirements", "Priority:Medium", "Status:inProgress"], "State": "closed", "issue_number": 20, "closed_at": "2017-11-08"}
{"Author": "AFA17SCM24P", "created_at": "2017-11-02", "labels": ["Category:Bug", "DetectionPhase:Design", "OriginationPhase:Requirements", "Priority:Medium", "Status:pendingReview"], "State": "closed", "issue_number": 19, "closed_at": "2017-11-08"}
{"Author": "AFA17SCM03B", "created_at": "2017-11-02", "labels": ["Category:Bug", "DetectionPhase:Design", "OriginationPhase:Requirements", "Priority:Medium", "Status:inProgress"], "State": "closed", "issue_number": 18, "closed_at": "2017-11-08"}
{"Author": "MFA17SCM41S", "created_at": "2017-11-02", "labels": ["Category:Bug", "DetectionPhase:Design", "OriginationPhase:Requirements", "Priority:Medium", "Status:Approved"], "State": "closed", "issue_number": 17, "closed_at": "2017-11-08"}
{"Author": "TFA17SCM42T", "created_at": "2017-11-02", "labels": ["Category:Bug", "DetectionPhase:Design", "OriginationPhase:Design", "Priority:Medium", "Status:inProgress"], "State": "closed", "issue_number": 13, "closed_at": "2017-11-07"}
{"Author": "DFA17SCM75G", "created_at": "2017-11-02", "labels": ["Category:Bug", "DetectionPhase:Design", "OriginationPhase:Requirements", "Priority:Medium", "Status:Approved"], "State": "closed", "issue_number": 12, "closed_at": "2017-11-02"}
{"Author": "SFA17SCM83G", "created_at": "2017-11-02", "labels": ["Category:Bug", "DetectionPhase:Design", "OriginationPhase:Design", "Priority:Medium", "Status:Approved"], "State": "closed", "issue_number": 9, "closed_at": "2017-11-08"}
{"Author": "ajdhv", "created_at": "2017-11-02", "labels": ["Category:Bug", "DetectionPhase:Design", "OriginationPhase:Requirements", "Priority:Medium", "Status:pendingReview"], "State": "closed", "issue_number": 8, "closed_at": "2017-11-08"}
{"Author": "JFA17SCM98S", "created_at": "2017-11-02", "labels": ["Category:Bug", "DetectionPhase:Design", "OriginationPhase:Requirements", "Priority:Medium", "Status:Approved"], "State": "closed", "issue_number": 7, "closed_at": "2017-11-02"}
{"Author": "SFA17SCM15K", "created_at": "2017-11-01", "labels": ["Category:Bug", "DetectionPhase:Design", "OriginationPhase:Requirements", "Priority:Medium", "Status:inProgress"], "State": "closed", "issue_number": 6, "closed_at": "2017-11-02"}
{"Author": "ghost", "created_at": "2017-11-01", "labels": ["Category:Bug", "DetectionPhase:Design", "OriginationPhase:Requirements", "Priority:Medium", "Status:inProgress"], "State": "closed", "issue_number": 5, "closed_at": "2017-11-02"}
{"Author": "NFA17SCM78K", "created_at": "2017-11-01", "labels": ["Category:Bug", "DetectionPhase:Design", "OriginationPhase:Design", "Priority:Medium", "Status:Approved"], "State": "closed", "issue_number": 3, "closed_at": "2017-11-11"}
